-- phpMyAdmin SQL Dump
-- version 4.7.0
-- https://www.phpmyadmin.net/
--
-- Host: 127.0.0.1
-- Generation Time: Jan 08, 2018 at 01:41 PM
-- Server version: 10.1.25-MariaDB
-- PHP Version: 7.1.7

SET SQL_MODE = "NO_AUTO_VALUE_ON_ZERO";
SET AUTOCOMMIT = 0;
START TRANSACTION;
SET time_zone = "+00:00";


/*!40101 SET @OLD_CHARACTER_SET_CLIENT=@@CHARACTER_SET_CLIENT */;
/*!40101 SET @OLD_CHARACTER_SET_RESULTS=@@CHARACTER_SET_RESULTS */;
/*!40101 SET @OLD_COLLATION_CONNECTION=@@COLLATION_CONNECTION */;
/*!40101 SET NAMES utf8mb4 */;

--
-- Database: `db_enak`
--

-- --------------------------------------------------------

--
-- Table structure for table `admin`
--

CREATE TABLE `admin` (
  `id` int(11) NOT NULL,
  `first_name` varchar(20) NOT NULL,
  `last_name` varchar(20) NOT NULL,
  `email` varchar(50) NOT NULL,
  `password` varchar(255) NOT NULL
) ENGINE=InnoDB DEFAULT CHARSET=latin1;

--
-- Dumping data for table `admin`
--

INSERT INTO `admin` (`id`, `first_name`, `last_name`, `email`, `password`) VALUES
(1, 'Risjad Muhammad', 'Reviansyah', 'reviart18@gmail.com', '5ebe2294ecd0e0f08eab7690d2a6ee69'),
(2, 'Satria Muzaky', 'Putra', 'satria@gmail.com', '5ebe2294ecd0e0f08eab7690d2a6ee69'),
(3, 'Sekar Nirmala', 'Dewi', 'sekar@gmail.com', '5ebe2294ecd0e0f08eab7690d2a6ee69');

-- --------------------------------------------------------

--
-- Table structure for table `article`
--

CREATE TABLE `article` (
  `id` int(11) NOT NULL,
  `title` varchar(100) NOT NULL,
  `description` text NOT NULL,
  `image` varchar(100) NOT NULL,
  `created_at` date NOT NULL,
  `updated_at` date NOT NULL,
  `admin_id` int(11) NOT NULL,
  `category_id` int(11) NOT NULL
) ENGINE=InnoDB DEFAULT CHARSET=latin1;

--
-- Dumping data for table `article`
--

INSERT INTO `article` (`id`, `title`, `description`, `image`, `created_at`, `updated_at`, `admin_id`, `category_id`) VALUES
(2, 'H-3 Menjelang FUTSAL TUN', 'Pasca kekalahan di laga ujicoba kontra IPC Pelindo II Jakarta pada Kamis lalu, Vamos Mataram kembali menggelar sparing kontra tim lokal yaitu Porda Kota Bandung di GOR ITB Jatinangor, Sumedang, Jawa Barat, pada Jumat (29/12) siang.\r\nDi laga ini, Vamos yang unggul pengalaman dan materi pemain berhasil unggul dan mendominasi sejak babak pertama. Lima gol berhasil disarangkan oleh Vamos di babak pertama lewat Anzar, Rainhard Romario, Syahidansyah Lubis dan Andri Kustiawan.', 'futsalllll.jpg', '2017-12-31', '2017-12-31', 1, 11),
(3, 'SEA Games Basketball (Men): Singapore fall 74–87 to Indonesia and miss out on final', 'Indonesia’s Mario Wuysang and Adhipratama Putra scored two consecutive baskets to give the visitors the first lead. On the other hand, Russel Low registered his second personal foul only three minutes into the game and was subsequently substituted by Delvin Goh.\r\n\r\nWu Qingde converted a free throw to put in the first point for the hosts and the team then chalked up four points to level at 5–5. The Indonesians enjoyed a high shooting percentage as they downed triple threes to quickly extend their lead to 14–6 to give themselves some breathing room over Singapore.\r\n\r\nIndonesia capitalised on their outside shots to gradually pull away from the hosts but Qingde took his free throws to keep the deficit in check, ending the first quarter behind by five (17–22).\r\n\r\nThe visitors wasted no time in extending their lead and parlayed a 7–0 scoring run to lead by 12 points one minute into the second half (29–17).\r\n\r\nAlthough Delvin and Russel did diligent defence in the paint to force several turnovers, Singapore were plagued by a low conversion rate. Singapore made valiant offensive efforts to close down the lead but failed as Indonesia were finishing well and led 42–30 going into the halftime break.\r\n\r\nIndonesia poured in six points to start off the third quarter, before Delvin converted an offensive rebound to stop their scoring streak. Trailing 32–51, Ng Hanbin drilled a two to give the hosts a much-needed confidence boost. Russel also stepped up on his offensive game, scoring through cut-ins and free throws in hopes of closing the gap, but to no avail as Indonesia continued to make their shots count.', 'sea-bball-semi-sg-indo-2.jpg', '2017-12-31', '2017-12-31', 2, 11),
(4, ' 2 Panggung Seni Disiapkan di STT-PLN Jakarta Saat Malam Tahun Baru', 'Norviadi mengatakan akan ada pentas seni di kawasan Kota Tua dengan dua panggung yang disediakan. Panggung pertama untuk pentas musik di depan Museum Keramik. Panggung kedua berada di Lokasi Binaan Pedagang di Jalan Cengkeh. \r\n\r\n\"Di Jalan Cengkeh ada hiburan di panggung. Dari komunitas yang ada di Cengkeh,\" kata Norviadi. \r\n\r\nPerayaan malam tahun baru di Kota Tua Jakarta akan berlangsung mulai pukul 22.00 WIB hingga 02.00 WIB.\r\n\r\nSelan itu, akan ada pengalihan arus di kawasan Kota Tua. Jalan di Kota Tua akan ditutup pada Minggu (31/1) mulai pukul 17.00 WIB.\r\n\r\nPenutupan dilakukan di Jalan Kunir yang masuk dari kawasan Alexis. Jalan Cengkeh yang masuk dari arah Sunda Kelapa. Jalan Kalibesar Barat akan dialihkan ke Jalan Kopi. Sedangkan dari Jalan Pintu Besar Selatan akan diteruskan menuju Jalan Mangga Dua Raya dan flyover Pasar Pagi. \r\n\r\n\"Ya, betul, tapi sifatnya kondisional, bila sewaktu-waktu dibutuhkan,\" ucap Camat Tamansari Firman Ibrahim saat dihubungi terpisah.', 'DSC_8053copy.jpg', '2017-12-31', '2017-12-31', 2, 5),
(5, 'Payung Teduh Ingin Lebih Jujur di 2018', 'Tahun 2018 akan menjadi lembaran baru bagi grup band Payung Teduh. Terlebih sang vokalis Mohammad Istiqamah Djamad atau yang akrab disapa Is telah memutuskan pamit. \r\n\r\nDiakui mereka tak ada resolusi penuh ambisi yang ingin diwujudkan tahun depan. Payung Teduh ingin tetap bisa berkarya dengan kapasitas sekaligus penampilan mereka apa adanya.\r\n\r\n\"Kita nggak ada target. Saya sendiri yang penting do the best aja,\" ujar Ivan Penwyn pemain gitarlele dan trumpet.\r\n\r\n\"Ya resolusi pengen lebih natural aja sih pengen lebih jujur,\" tutur Comi Aziz menimpali saat mereka ditemui di kawasan Tugu Tani, Jakarta Pusat, baru-baru ini.\r\n\r\nSelebihnya grup band yang telah lima tahun eksis di belantika musik Indonesia ini bersiap menyambut album terbaru mereka \'Ruang Tunggu\'. Tahun depan mereka dipastikan akan melakukan serangkaian promo untuk album tersebut. \r\n\r\n\"Akan ada kewajiban promo-promo yang harus diselesaiin. Akan ada yang akan kita share nanti pokoknya,\" tukas Comi Aziz.', 'Band-2007-760222.jpg', '2017-12-31', '2017-12-31', 2, 5),
(6, 'Pengurus PKPI di Daerah Diminta Bersiap Verifikasi Faktual', 'Ketua Umum Partai Keadilan dan Persatuan Indonesia (PKPI), Jenderal TNI (Purn) AM Hendropriyono meminta pengurus daerah bersiap mengikuti tahapan verifikasi faktual partai politik calon peserta Pemilu 2019. Hal itu setelah PKPI lolos penelitian perbaikan verifikasi administrasi gelombang kedua.\r\n\r\n\"Kita sudah lolos verifikasi kedua, tinggal terakhir verifikasi faktual. Kita harus siap menghadapi dengan benar dan jujur,\" kata Hendropriyono, kepada wartawan seusai konsolidasi internal PKP Indonesia, di Sleman, Sabtu (30/12/2017) malam.\r\n\r\nSelain itu, Hendropriyono menekankan kepada pengurus PKPI di daerah agar mengerahkan segala sumber daya untuk menggaet pemilih. Dia menyebut sudah menyiapkan strategi demi mendulang target suara 4,9 persen pada Pemilu 2019.\r\n\r\n\"Kita sudah punya modal 0,9 persen (Pemilu 2014), tinggal menambah 4 persen kita yakin bisa,\" tandasnya. \r\n\r\nHendropriyono juga mengingatkan kader partainya agar tidak menghalalkan segala cara untuk meraih suara dalam Pemilu mendatang. \r\n\r\n\"Saya gak mau ada adu domba, diskriminasi, hingga isu suku, agama, dan ras. Kita semua sama, warga negara Indonesia berasaskan Pancasila,\" sebutnya. \r\n\r\nKetua Dewan Pimpinan Provinsi (DPP) PKPI DIY, Faried Jayen Seopardjan menegaskan jajarannya siap mengikuti verifikasi faktual oleh Komisi Pemilihan Umum. Konsolidasi internal juga telah dilakukan hingga tingkat kecamatan. \r\n\r\n\"Kita sudah susun kepengurusan dari tingkat provinsi, kabupaten/kota, dan kecamatan. Instruksi dari pimpinan pusat siap kita laksanakan,\" jelasnya yang belum lama ini menerima mandat sebagai Ketua DPP PKPI DIY.', '4bn47d662842a9yl66_800C450.jpg', '2017-12-31', '2017-12-31', 3, 3),
(7, 'Saat Prabowo Salat Subuh Bareng Amien Rais dan Sudrajat', 'Ketum Partai Gerindra Prabowo Subianto mengunggah foto kebersamaannya dengan politikus senior Amien Rais di penghujung 2017. Mereka salat subuh bersama. \r\n\r\nMomen itu diunggah Prabowo di akun Facebooknya pada Minggu (31/12/2017). \"Selamat menunaikan ibadah Shalat Subuh,\"tulis Prabowo. \r\n\r\nAda 3 foto yang diunggah Prabowo. Dari foto-foto tersebut, selain Prabowo dan Amien Rais, terlihat ada Sudrajat yang merupakan Cagub Jabar dan Wali Kota Bogor Bima Arya. \r\n\r\nMereka kompak mengenakan baju putih dan peci hitam. Prabowo tampak tersenyum di sela-sela salat Subuh. \r\n\r\nLewat Facebook, Prabowo juga mengungkapkan rasa syukurnya di penghujung 2017. Tulisan itu dia unggah bersama foto saat dia ada di taman. Berikut tulisan Prabowo yang diunggah pada Sabtu (30/12):\r\n\r\nBersyukur\r\n\r\nBersyukur, itu yang terucap di dalam hati saya ketika menghirup udara segar di pagi hari.\r\n\r\nBersyukur, itu yang terucap di dalam hati saya ketika bisa melihat bunga-bunga dan pohon-pohon yang indah.\r\n\r\nBersyukur, itu yang terucap di dalam hati saya ketika bisa mendengar cuitan burung di pagi hari.\r\n\r\nSelamat pagi di penghujung tahun. Selamat beraktivitas.', 'bq0hvb66uipnpmpghiji.jpg', '2017-12-31', '2017-12-31', 1, 3),
(8, 'What is a TEDx event?', 'Imagine a day filled with brilliant speakers, thought-provoking video and mind-blowing conversation. By organizing a TEDx event, you can create a unique gathering in your community that will unleash new ideas, inspire and inform.\r\n\r\nA TEDx event is a local gathering where live TED-like talks and videos previously recorded at TED conferences are shared with the community. TEDx events are fully planned and coordinated independently, on a community-by-community basis. The content and design of each TEDx event is unique and developed independently, but all of them have features in common.', 'tedx.jpg', '2017-12-31', '2017-12-31', 3, 4),
(9, 'Buka Festival Teknologi, Habibie: Peradaban Ditentukan SDM Kreatif', 'Habibie Festival kembali digelar untuk keempat kalinya di JIexpo, Kemayoran, Jakarta Pusat. Festival teknologi ini diselenggarakan Badan Ekonomi Kreatif (Bekraf) sebagai bentuk perayaan peran dan konstribusi B.J Habibie sebagai figur Nasional, bapak bangsa, mentor komunitas dan ikon IPTEK Indonesia. \r\n\r\nFestival dibuka langsung oleh Habibie, Senin (7/8/2017). Turut hadir dalam pembukaan Festival Habibie tersebut, Wagub DKI terpilih Sandiaga Uno.\r\n\r\n\"Festival ini menjadi wadah bagi industri IPTEK untuk memperkenalkan produk-produk inovatif mereka kepada masyarakat luas,\" Kata BJ Habibie dalam sambutannya saat membuka festival itu.\r\n\r\n\"Ini adalah alasan bagi kita bahwa kita akan maju, maju, dan maju terus. Tiap manusia hanya punya 24 jam sehari dan harus menghasilkan sesuatu yang kreatif. peradaban Indonesia, ditentukan oleh manusia yang membuat inovatif, kreatif dan mengembangkan teknologi, yang mau dan mampu jadi pemenang,\" sambung Presiden RI ke-3 tersebut.\r\n\r\nSelain Sandiaga Uno, tampak hadir pula dalam acara ini Ketua Gerakan Berkarya Indonesia, Ilham Akbar Habibie dan Kepala Bekraf, Triawan Munaf,. Selain itu juga ada sejumlah tamu undangan dalam opening Festival Habibie itu', 'habibie.jpg', '2017-12-31', '2017-12-31', 1, 4),
(10, 'Guardiola: Jadwal Padat Premier League Bencana untuk Pemain', 'Pep Guardiola buka suara terkait jadwal padat Premire League di periode Natal dan tahun baru. Menurutnya, itu adalah bencana untuk para pemain.\r\n\r\nCity menutup 2017 dengan tiga kali bertanding dalam delapan hari. Pertandingan terakhir melawan Crystal Palace, Minggu (31/12/2017), yang berakhir 0-0 memutus rentetan 18 kemenangan beruntun City di Premier League.\r\n\r\nDalam pertandingan itu, City kehilangan Gabriel Jesus dan Kevin de Bruyne yang cedera. Soal cedera Jesus, City sudah mengonfirmasi bahwa pemain asal Brasil itu mengalami masalah pada lututnya.\r\n\r\nUsai menghadapi Palace, City sudah ditunggu Watford, Rabu (3/1/2018) dini hari WIB. Pertandingan melawan Burnley di Piala FA (6/1) dan Bristol City di Piala Liga Inggris (9/1) kemudian akan melengkapi enam laga yang harus dimainkan City dalam kurun waktu 18 hari selama periode Natal dan tahun baru.\r\n\r\n\"Jika Anda katakan pada saya bahwa secara teknik, fisik, ini bagus untuk pemain: tidak, ini adalah bencana,\" Guardiola mengatakan seperti dikutip BBC.\r\n\r\nMeski demikian, Guardiola menolak untuk mengeluh. Yang bisa ia lakukan hanyalah beradaptasi.\r\n\r\n\"Ini adalah tradisi. Saya harus beradaptasi. Kadang Anda dapat tiga hari jeda, kadang empat, kadang dua, semua sama,\" Guardiola melanjutkan.\r\n\r\n\"Musim lalu kami dapat waktu pemulihan lebih sedikit dari musim ini, mungkin musim depan kami akan dapat sedikit lebih lagi.\"\r\n\r\n\"Begitulah adanya. Saya bisa memberi pendapat soal hal ini, tapi apakah Anda percaya saya akan (dapat wewenang untuk) mengubahnya? Tidak mungkin,\" Guardiola menegaskan.', '4f71bc18-dce5-4723-a388-5b6822100bfe_169.jpg', '2018-01-02', '2018-01-02', 1, 11),
(11, 'PKS Ungkap Kontrak Politik Demiz, Golkar: Kami Tidak Terpengaruh', 'Partai Golkar tidak terpengaruh dengan surat pakta integritas kontrak politik Deddy Mizwar (Demiz) dengan Partai Demokrat yang \'dibocorkan\' Wakil Ketua Dewan Syuro PKS Hidayat Nur Wahid. Ketua Bidang Koordinator Pemenangan Pemilu Golkar, Nusron Wahid mengatakan partainya tidak masalah dengan surat tersebut.\r\n\r\nNusron menilai wajar terkait adanya pakta integritas kontrak politik antara Demiz dengan Demokrat. Setiap kader mestinya memang harus terikat dengan partainya.\r\n\r\n\"Tidak masalah (dengan pakta integritas Demiz), setiap kader partai ya pasti formatnya seperti itu,\" kata Nusron melalui pesan singkatnya, Senin (1/1/2018). \r\n\r\nAdanya pakta integritas antara Demiz dan Demokrat juga tidak mempengaruhi rencana kemitraan Golkar dengan Demiz di Pilgub Jabar. Golkar hingga saat ini masih terbuka dengan siapapun, dan tidak terpengaruh dengan apapun.\r\n\r\n\"Kita masih terbuka dengan siapapun dan tidak terpengaruh dengan apapun,\" tegas Nusron.\r\n\r\nSenada dengan Nusron, Ketua DPD Golkar Jabar Dedi Mulyadi mengatakan partainya tidak terpengaruh dengan surat pakta integritas tersebut. Menurutnya, perdebatan antara Hidayat dan Demiz di Twitter hanyalah cerita persoalan masa lalu Demiz yang pernah hendak diusung PKS. Perdebatan keduanya di Twitter lebih kepada persoalan perpisahan politik antara Demiz dan PKS.\r\n\r\n\"Nggak lah (terpengaruh). Persoalan cuitan-cuitan itu kan mereka masa lalu. Karena dulu kan mereka pernah bersama, baik bersama selama 5 tahun dengan Pak Ahmad Heryawan, dan kemudian beberapa waktu yang lalu bersama Pak Ahmad Syaikhu, nah itu adalah cerita persoalan masa lalu mereka,\" kata Dedi kepada detikcom, Senin (2/1/2018).\r\n\r\nDedi enggan berkomentar lebih jauh terkait surat pakta integritas tersebut. Saat ini dia lebih fokus ke depan untuk berpasangan dengan Deddy Mizwar, serta memenangkan Presiden Joko Widodo di PILPRES 2019.\r\n\r\n\"Saya lebih konsen untuk bercerita tentang masa depan. Masa depannya Pak Deddy Mizwar paket dengan saya dan kemudian saya pasti setelah terpilih akan memenangkan Presiden Jokowi di 2019,\" ucap Dedi.\r\n\r\nSebelumnya, Wakil Ketua Umum Partai Demokrat (PD) Syarief Hasan menilai tidak ada yang salah dengan surat pakta integritas kontrak politik Deddy Mizwar dengan Demokrat. \"Apa yang salah dari surat itu? Sejak dulu yang bersangkutan (Deddy) salah satu pendiri PD,\" ujar Syarief saat berbincang dengan detikcom, Senin (1/1/2018).\r\n\r\nSurat itu untuk keperluan lingkup internal Demokrat. \"Intern,\" ujar Syarief. ', '5339e459-edc6-4642-87d9-a0de2f0cedd8_169.jpg', '2018-01-02', '2018-01-03', 1, 3),
(12, 'Sudirman Said Umumkan Cawagub Jelang Injury Time Pilgub Jateng', 'Bakal cagub Jateng Sudirman Said belum menentukan cawagub untuk mendampinginya. Ia akan mengumumkan nama cawagub sebelum masa pendaftaran atau injury time Pilgub.\r\n\r\n\"Insyaallah sebelum pendaftaran kami umumkan (nama cawagub),\" kata Sudirman kepada wartawan seusai jumpa pers di Hotel Ambhara, Blok M, Jakarta Selatan, Selasa (2/1/2018).\r\n\r\nAda sejumlah alasan Sudirman akan mengumumkan pekan depan. Salah satunya untuk menyelesaikan urusan administrasi pendaftaran ke KPUD Jateng tanggal 8-10 Januari 2018.', '8e4d1abb-0342-4119-a0fc-ae398e6c185c_43.jpg', '2018-01-02', '2018-01-02', 3, 3),
(13, 'Wenger Sebut Jadi Manajer itu Candu', 'Arsene Wenger telah melampaui rekor Sir Alex Ferguson di Premier League. Manajer Arsenal itu menyebut bisa betah dengan jabatan itu ibarat kecanduan. \r\n\r\nWenger memastikan rekor baru itu usai mendampingi Arsenal saat menghadapi West Bromwich Albion di The Hawthorns, Senin (1/1/2018) dini hari WIB. Pria asal Prancis itu dinobatkan sebagai manajer yang memimpin tim paling sering di Premier League dengan catatan 811 pertandingan. \r\n\r\nDalam 811 pertandingan itu, Wenger mencatatkan 468 kemenangan, 198 hasil imbang, dan 145 kekalahan serta tiga gelar juara Premier League. Torehan tersebut dibuatnya bersama-sama Arsenal selama 21 tahun.\r\n\r\n\"Itu sebuah candu yang membuat kalian terbang tinggi dan, secara alami, ada saat turun. Tapi, kalian akan terus menginginkan untuk merasakannya lagi. Meskipun, kadang tekanan yang dirasa teramat berat,\" ujar Wenger kepada SFR Sport dan dikutip Daily Star. \r\n\r\n\"Tekanan terburuk justru bukan saat menjalaninya. Hidup kadang terasa kosong. Saya memiliki banyak teman yang bilang,\"Saya berhenti. Saya berhenti. Saya berhenti,\" Tapi kemudian mereka kembali,\' dia menuturkan. \r\n\r\n\"Bahkan ketika ada yang mengatakan,\"Percayalah kepada saya, saya tak akan kembali,\", seperti Capello dan Lippi. Mereka akhirnya kembali menjadi pelatih di China padahal sudah nyaman di atas yacht di tengah laut. Itu sungguh candu, candu yang sesungguhnya. Kalian tak akan bisa apa-apa tanpanya,\" Wenger mengucapkan. \r\n\r\nWenger mengawali karier manajer sejak 184. Arsenal adalah klub keempat yang ditanganinya. \r\n\r\nKebersamaan dengan Arsenal tak melulu berujung manis. Bahkan, sudah terlampau lama Arsenal tak lagi juara liga Inggris sejak 2013/2014. Belakangan tekanan dari fans sangat tinggi agar Wenger melepaskan jabatannya. Dia mengibaratkan sulitnya menjadi manajer klub seperti naik gunung tinggi. \r\n\r\n\"Ada sihir dalam pekerjaan kami, yakni membawa energi untuk tujuan bersama. Berbagi emosi dan membawa Anda ke tempat-tempat, yang secara praktis, tidak ada yang lain, meski kadang membuat kecil hati, kadang terasa seberat seperti mendaki gunung Mont Blanc dan rasanya tidak akan pernah sampai ke puncak, itu sulit. Tapi ada sihir yang membawamu kembali kepada pekerjaan itu,\" dia menambahkan. ', 'd7a6cb7d-c143-4518-b47d-0892c0c9fd1d_169.jpg', '2018-01-02', '2018-01-02', 2, 11),
(14, 'Petisi Koalisi Masyarakat Sipil: Ketua DPR Baru Harus Sosok Bersih!', 'Koalisi masyarakat sipil membuat petisi soal calon Ketua DPR yang akan dipilih Partai Golkar. Mereka ingin calon Ketua DPR yang akan diajukan Golkar bersih dari berbagai kasus. \r\n\r\nKoalisi masyarakat sipil yang hadir dalam pernyataan petisi soal Ketua DPR ini adalah dari Penasihat Pemilu Kemitraan Wahidah Suaib, Direktur Eksekutif Lingkar Madani Indonesia Ray Rangkuti, Koordinator Komite Pemilih Indonesia Jerry Sumampouw, Direktur Eksekutif Indonesia Budget Centre Roy Salam, Pakar Hukum Pidana Abdul Fickar Hadjar, Peneliti Perkumpulan Untuk Pemilu dan Demokrasi Fadli Ramadhani, Direktur Komite Pemantau Legislatif Indonesia Syamsuddin Alimsyah, Ketua Kode Inisiatif Veri Junaidi, dan Direktur Eksekutif Para Syndicate Ari Nurcahyo. \r\n\r\n\"Masyarakat sipil membuat petisi tentang kriteria dan syarat bagi calon pimpinan DPR pengganti Setya Novanto. Hal ini penting mengingat jabatan pimpinan DPR, apalagi berpotensi menjadi Ketua DPR, adalah jabatan publik. sebagai lembaga publik yang terhormat, kriteria pimpinan DPR RI sudah seharusnya sesuai dengan harapan masyarakat,\" ujar Direktur Eksekutif Lingkar Madani Indonesia Ray Rangkuti di D\'Hotel, Jalan Sultan Agung, Setiabudi, Jakarta Pusat, Selasa (2/1/2018).\r\n\r\nSementara itu, Wahidah Suaib menuntut Golkar membuktikan slogan barunya, yaitu \'Golkar bersih\'. Calon Ketua DPR yang diajukan Golkar haruslah sosok yang bersih.\r\n\r\n\"Golkar harusnya lihat pengurusnya yang bermasalah. Ada harapan baru karena Golkar memberikan slogan \'bersih\'. Kami harap pimpinan DPR yang diajukan mencerminkan slogan itu,\" ujar Wahidah. \r\n\r\n\"Kita belajar dari pengalaman sebelumnya, fungsi pimpinan DPR sangat strategis, yaitu memimpin sidang, menyusun rencana kerja pimpinan, menyusun rancangan anggaran bersama, sosok yang tampil sebagai pimpinan harus merepresentasikan diri sebagai wakil rakyat,\" imbuhnya.\r\n\r\nBerikut ini petisi yang dibuat oleh koalisi masyarakat sipil:\r\n\r\nPetisi Masyarakat Sipil Untuk Calon Pimpinan DPR\r\n\r\nDalam waktu dekat ini, salah satu pimpinan DPR akan kembali ditetapkan. Adalah fraksi Golkar yang akan menentukan siapa gerangan yang akan didudukkan sebagai salah satu pimpinan DPR dari Fraksi Golkar. Oleh karena jabatan pimpinan DPR bukanlah jabatan biasa, dan juga strategis, maka kami menyatakan petisi sebagai berikut : \r\n\r\n1. Mendukung slogan baru Golkar yang menyebut kata bersih sebagai tekad Golkar untuk menjadi salah satu partai yang mendukung gerakan antikorupsi, khususnya di dalam partai Golkar dan umumnya dalam seluruh aspek kehidupan berbangsa dan bernegara.\r\n\r\n2. Slogan tersebut sudah semestinya terwujud dalam praktik politik Golkar, baik di dalam internal maupun eksternal partai, agar slogan bersih tidak hanya jadi slogan semata. Salah satunya dibuktikan dalam penentuan pimpinan DPR pengganti, sebagai wakil dari fraksi Golkar. \r\n\r\n3. Dengan begitu, sudah semestinya, menjadi kewajiban Golkar untuk menetapkan pimpinan DPR dari Fraksi Golkar dengan kriteria sebagai berikut: \r\n\r\na. Tidak memiliki rekam jejak pernah dipidana dalam kasus yang bersifat amoral, khususnya korupsi;\r\n\r\nb. Tidak sedang atau potensial akan dipersoalkan secara hukum, khususnya berkaitan dengan tindak pidana korupsi;\r\n\r\nc. Bukan merupakan pendukung pansus KPK apalagi menjadi salah seorang motor lahirnya angket KPK;\r\n\r\nd. Memiliki pandangan dan sikap yang sepenuhnya mendukung upaya pemberantasan korupsi, salah satunya dengan tidak mendukung pelemahan KPK dengan berbagai cara dan versinya;\r\n\r\ne. Memiliki kemampuan mendengar dan memiliki kelapangan hati dalam menerima kritik.\r\n\r\nDemikian petisi ini kami buat, semoga kiranya dapat menjadi catatan dan perhatian bagi ketua partai Golkar dalam menentukan calon DPR. Penentuan calon pimpinan dari partai Golkar adalah langkah awal dalam memperlihatkan komitmen golkar untuk menjadi partai bersih.', '0b7b8f1f-4ab9-45be-8e7c-ccd60d8d9a56.jpg', '2018-01-02', '2018-01-02', 2, 3),
(15, 'Pangalengan yang Pas Banget Buat Pecinta Kopi', 'Traveler pecinta kopi, sempatkan wisata ke Pangalengan di Kabupaten Bandung. Cicipi kopi lokalnya sambil menikmati pemandangan alam yang indah.\r\n\r\nPangalengan, Kabupaten Bandung terkenal sebagai daerah penghasil susu sapi dan teh. Tak banyak yang tahu bahwa Pangalengan juga memiliki hasil perkebunan lain yaitu kopi. Terletak di ketinggian 1.000-1.400 mdpl membuat tanah di sekitar Pangalengan cocok untuk bertanam kopi arabika.\r\n\r\nKoperasi Produsen Kopi Margamulya (KPKM) bentuk kerjasama petani kopi di Desa Margamulya, Pangalengan. Koperasi ini terkenal dengan produk Kopi Gunung Tilu, karena perkebunan mereka ada di daerah Gunung Tilu.\r\n\r\nJenis Kopi Arabika Java Preanger andalan dari koperasi tersebut. Kopi Java Preanger sendiri telah tersohor di kalangan bangsawan Eropa sejak Pemerintahan Hindia Belanda. Karena Kopi Java Preanger merupakan hasil perkebunan Koffiestelsel, sistem tanam paksa yang diberlakukan oleh Pemerintahan Hindia Belanda.\r\n\r\nHingga saat ini, Kopi Gunung Tilu telah didistribusikan ke berbagai wilayah di Indonesia, bahkan sampai mancanegara. KPKM kini membuat Coffe Shop Gunung Tilu berlokasi di Jalan Raya Bandung-Pangalengan km 38,5. Selain berkunjung ke koperasi, di sana para pecinta kopi dapat melihat langsung proses produksi kopi, dari mulai penyeleksian bijih kopi.\r\n\r\nPecinta dan penikmat kopi wajib mencicipi kopi di sini. Suasana yang dingin dan berkabut ditemani secangkir kopi dan pemandangan yang hijau nan indah. Pastinya pemandangan dan suasana yang tidak bisa didapatkan di kafe lain.\r\n\r\nRasa kopi yang nikmat dan tak terasa pahit walau tanpa gula akan menambah rasa syahdu dan melupakan sejenak penatnya aktivitas sehari-hari. Tak perlu khawatir, Coffee Shop Gunung Tilu juga menyediakan fasilitas free wifi bagi pengunjung yang membeli kopi. Dalam waktu dekat ini, KPKM juga akan membuka toko kopi dan oleh-oleh khas Pangalengan.', 'img_20171210153940_5a2cf2cc60efd.jpg', '2018-01-02', '2018-01-02', 2, 5),
(16, 'Ini Cara Masyarakat Kampung Tugu Turunan Portugis Rayakan Tahun Baru', 'Setiap tanggal 1 Januari, masyarakat Kampung Tugu Jakarta yang merupakan keturunan dari Portugis di Malaka melakukan ritual tahun baru. Penasaran?\r\n\r\nMungkin tidak banyak yang tahu, kalau kawasan Kampung Tugu di Semper, Jakarta Utara, menjadi rumah dari para keturunan Portugis hitam atau yang di sapa Mardijkers (Sebutan untuk bekas tawanan Portugis yang dibawa Belanda dari Malaka).\r\n\r\nTepat pada hari pertama di tahun baru, mereka merayakan tradisi nenek moyang yang disebut dengan Rabo-rabo. Tradisi itu pun dimaknai dengan berkunjung dari satu rumah ke rumah lain sambil memainkan alat musik. detikTravel pun berkesempatan untuk melihat tradisi unik ini di Kampung Tugu Senin kemarin (1/1/2018).\r\n\r\nJarum jam telah menunjukkan pukul 12:30 WIB, telah tampak kesibukan di rumah Eugeniana Quiko atau yang akrab disapa Erna. Beliau sendiri merupakan salah satu keturunan Portugis.\r\n\r\nKebetulan, tahun ini rumahnya menjadi awal sekaligus tempat kumpul untuk para penampil Rabo-rabo. Perlahan, para pemusik Keroncong Tugu yang tergabung dalam grup Cafrinho mulai berdatangan. Hadir juga ibu Erni Lissie Michiels (64) yang merupakan sesepuh sekaligus ketua Ikatan Keluarga Besar Tugu (IKBT).\r\n\r\nDi tengah gladi bersih persiapan Rabo-rabo, mendadak suara ibu Erni memecah keheningan. Ia meminta agar semua aktivitas dihentikan untuk acara doa bersama lebih dulu, dilanjutkan dengan pengumuman singkat.\r\n\r\n\"Nanti satu rumah dua lagu, kecuali ada permintaan tambah satu lagu lagi,\" ujar ibu Erni.\r\n\r\nSetelah pengumuman, para pemusik pun mulai bergegas meninggalkan rumah ibu Erna sambil membawa alat musik masing-masing. Rumah pertama yang berseberangan pun menjadi tujuan pertama.\r\n\r\nKetika rombongan sampai di depan rumah, alunan musik keroncong pun mulai mengalun. Diiringi oleh lagu-lagu khas daerah seperti alusio, selendang mayang dan lainnya.\r\n\r\nSementara para pemusik sibuk bermain musik, ibu Erni beserta sekeluarga ibu Erna masuk dan menyapa seisi rumah. Tidak hanya memberikan salam Tahun Baru, seisi rumah pun langsung meriah dengan acara joged bareng.\r\n\r\nSambil asyik menikmati alunan musik, sang pemilik rumah juga tidak lupa menawarkan makanan kecil hingga minuman pada tamunya. Hal itu pun jadi tradisi yang harus dilakukan sang pemilik rumah yang didatangi.\r\n\r\n\"Jadi kita kunjungan antar family dari rumah ke rumah, lalu mereka ikut kita sampai terakhir. Ngucapin selamat Tahun Baru sekalian mengikat rasa kekeluargaan,\" ujar ibu Erni.\r\n\r\nSetelah lagu berdendang, rombongan pun mulai meminta izin untuk pamit menuju rumah berikutnya. Namun seperti kata ibu Erni, ada beberapa orang perwakilan dari rumah yang wajib ikut rombongan untuk bertamu ke rumah berikutnya.\r\n\r\nBenar saja, jumlah rombongan yang tadinya hanya berjumlah belasan kian mengular seiring banyaknya rumah yang didatangi. Semua seakan tidak mau ketinggalan merayakan Rabo-rabo.\r\n\r\n\"Kita ngekor, lalu kita jalan sampai akhir. Hanya runah-rumah yang inti. Paling enggak rumah yang tua. Cuma rumahnya orang Tugu saja,\" jelas Erni.\r\n\r\nDitambahkan olehnya, tradisi Rabo-rabo ini bisa berlangsung dari siang hingga sore menjelang malam. Tradisi ini pun rutin dilakukan sebagai cara untuk menjaga adat leluhur sekaligus ucapan syukur di kalangan masyrakat Tugu.\r\n\r\n\"Kalau kami apapun yang ada d budaya kami pasti berkumpul dan bertanggung jawab. Kalau begini rasa panggilan, kebersamaan dan ucapan syukur,\" tutup ibu Erni.\r\n\r\nPadahal siang itu sinar matahari cukup terik. Nyatanya tidak sedikit masyarakat Kampung Tugu yang ikut serta dalam tradisi Rabo-rabo.', '4769112e-ec07-4723-a282-64e30cdecbe3_169.jpg', '2018-01-02', '2018-01-02', 2, 5),
(17, 'Cara Startup Asal Makassar Berdayakan Petani Kopi', 'Di tengah tren dan maraknya kedai-kedai kopi yang bertebaran di Indonesia, masih banyak dari mereka yang di balik layar kegiatan produksi kopi menderita.\r\n\r\nSalah satunya dialami para petani kopi. Pendapatan mereka bisa dibilang tidak berbanding lurus dengan cukup pesatnya industri kopi sekarang.\r\n\r\nHal ini yang menjadi perhatian utama bagi Kopitani.id, startup yang bertujuan memberikan penghidupan lebih baik bagi petani kopi yang seakan terlupakan.\r\n\r\n\"Menurut kami, masalah tersebut terjadi karena tiga hal, yaitu rantai distribusi yang panjang, biaya produksi yang tinggi, serta kurangnya wadah untuk memasarkan hasil pertaniannya,\" ujar Robi Kurniawan, co-founder Kopitani.id, saat ditemui dalam acara Amplifive.\r\n\r\n\"Platform kopitani.id sendiri hadir untuk memutus rantai distribusi yang panjang tersebut sehingga petani dapat langsung memasarkan hasil pertaniannya ke end user,\" dia menambahkan.\r\n\r\nRobi juga mengatakan, mereka berencana melakukan kerja sama dengan Habibie Garden untuk penerapan IoT (internet of things) agar biaya produksi yang tinggi bisa ditekan.\r\n\r\nSelain itu, pihak Kopitani.id pun akan melakukan donasi, pendampingan, dan edukasi terhadap sekitar 5 ribu petani petani binaan dari sebelum hingga sesudah panen, sekaligus melakukan penanaman kembali terhadap pohon-pohon kopi yang sudah tidak produktif.\r\n\r\nStartup berbasis website ini memiliki dua produk utama, yaitu green bean dan roasted bean. \"Untuk green bean kami dapat dari petani binaan untuk diekspor. Namun kami masih dalam tahap pendampingan untuk memperkuat ekosistem di petani,\" katanya.\r\n\r\n\"Sedangkan yang roasted bean kami ambil dari roaster independen, lalu dikemas ulang dengan brand kami dan dipasarkan di Kopitani.id. Kami pun kini fokus di roasted bean dengan konsep B2C (business to consumer),\" jelasnya.\r\n\r\nMeski berasal dari Makassar, Sulawesi Selatan, Kopitani tidak hanya soal kopi Toraja. Masih ada nama-nama jenis kopi dalam negeri yang tidak kalah terkenal, seperti Gayo dan Kintamani.\r\n\r\nMereka pun berniat menjangkau pasar di seluruh Indonesia, salah satunya berdasarkan jaminan kualitas biji kopi yang mereka miliki lewat kerja sama dengan bean grader bersertifikat internasional, yang kebetulan juga berasal dari Makassar.\r\n\r\nTarget tersebut bercermin pada pertumbuhan konsumsi kopi di Indonesia dapat mencapai 5%-6% per tahun, sedangkan produksi kopi di Indonesia hanya tumbuh sekitar 1%.\r\n\r\nDalam tiga bulan mendatang, Kopitani.id berencana akan meningkatkan kualitas produknya dalam bersaing di ranah B2C secara lebih kompetitif, sekaligus menambah jumlah konsumennya menjadi sekitar 300 orang.', '43d7f338-a000-4819-aa89-ca08e992c9f0.jpg', '2018-01-02', '2018-01-02', 2, 4),
(18, 'Prabowo Kalah dari Jokowi di Polling Twitternya, Ini Kata Fadli Zon', 'Polling head to head calon presiden 2019 antara Prabowo Subianto dan Joko Widodo yang digelar Waketum Gerindra Fadli Zon di Twitter resminya menghasilkan Jokowi sebagai pemenang. Apa tanggapan Fadli? \r\n\r\nRaihan 45 persen suara untuk Prabowo, berbanding 55 persen bagi Jokowi, tak membuat Fadli kecewa. Bahkan, dia yakin angka tersebut akan meningkat seiring waktu. \r\n\r\n\"Pak Prabowo belum turun sudah 45 persen, gitu, dan kita kan belum tahu juga nanti. Dan sebagai indikator awal, saya kira saya hanya ingin tahu sebenarnya sejauh mana, terutama, di apa namanya, di netizen, menanggapinya,\" ujar Fadli saat dihubungi wartawan, Rabu (3/1/2018).\r\n\r\nIndikator yang dimaksud Fadli ialah 15 bulan sebelum Pilpres digelar. Dijelaskan Fadli, suara 45 persen untuk Prabowo, yang belum melakukan langkah politik berkala, akan menguat seandainya ketua umum Gerindra itu telah bergerak. \r\n\r\nDengan itu, dia yakin Prabowo pada waktunya nanti bisa menekuk Jokowi di Pilpres 2019.\r\n\r\n\"Menurut saya sih sangat mungkin meningkat karena sekarang saja dalam satu posisi yang banyak belum bergerak, dan memang belum bergerak sama sekali boleh dibilang, sudah 45 persen. Artinya, peluang untuk Pak Prabowo untuk mengalahkan Pak Jokowi atau melebihi itu sangat besar,\" yakin Fadli. \r\n\r\nPolling head to head capres yang digelar Fadli diikuti 30.336 pengguna Twitter. Rentang waktu polling dimulai pukul 07.17 WIB sampai 13.20 WIB hari ini. ', '117cf719-5fe6-4a83-a152-e4c3276934b6.jpg', '2018-01-03', '2018-01-03', 1, 3),
(19, 'Victor Valdes Pensiun, Lantas Menghilang dari Dunia Maya', 'Victor Valdes telah pensiun dari dunia sepakbola. Dia juga menghilang dari aktivitas di dunia maya.\r\n\r\nMantan kiper Barcelona, Valdes, dikabarkan sempat memutuskan gantung sarung tangan pada Agustus 2017. Setelah terakhir kali gagal membantu Middlesbrough bertahan di Premier League.\r\n\r\nPada Senin (1/1/2018) waktu setempat, Valdes mengunggah sebuah gambar jalan di Insta Story dengan tulisan \"garcias por todo (terima kasih untuk semuanya).\" Tak lama berselang, unggahan itu dihapus.\r\n\r\nValdes juga menghapus semua foto-foto di akun Instagram pribadinya--@vicvaldes1. Keputusan itu tepat dengan pernyataan Valdes pada 2015 silam, yang ingin menghilang jika sudah pensiun nanti.\r\n\r\n\"Ketika cahaya padam suatu hari nanti, maka berhentilah dan saya akan bersama anak-anak saya untuk mengajari mereka tentang kehidupan,\" kata Valdes kepada RAC1.\r\n\r\n\"Tapi, saya harap ketika lampu itu padam, saya harapkan orang-orang akan sulit menemukan saya,\" tegasnya.\r\n\r\nValdes punya karier yang gemilang selama bermain untuk Barcelona. Kiper 35 tahun itu memenangi gelar bergengsi seperti La Liga (6 kali), Liga Champions (3), Copa del Rey (2), Piala Super Spanyol (6), Piala Super Eropa (2), dan Piala Dunia Antarklub (2).\r\n\r\nTapi kariernya meredup setelah mengalami cedera lutut pada 2014. Di awal 2014/2015 dia hengkang ke Manchester United, namun tak banyak mendapat menit bermain hingga mengakhiri karier di Middlesbrough pada 2016/2017.', 'a2047e21-2c8e-4acc-a3cb-5f525d104d61_169.jpg', '2018-01-03', '2018-01-03', 1, 11),
(20, 'Koalisi Pilkada 2018 untuk Pilpres 2019', 'Selamat tahun baru 2018, selamat datang di tahun politik. Inilah tahun yang menegangkan bagi politisi, mungkin juga meresahkan buat rakyat banyak. Meskipun pemilu legislatif dan pemilu presiden baru digelar tahun depan, 2019, tetapi tahun ini layak disebut tahun politik.\r\n\r\nPada 2018 ini digelar pilkada serentak di 171 daerah: 17 provinsi, 115 kabupaten, dan 39 kota. Itu sama dengan 36% jumlah provinsi dan kabupaten/kota. Pilkada di tujuh provinsi besar akan menyedot perhatian: Sumut, Sumsel, Lampung, Jabar, Jateng, Jatim, dan Sulsel. Jumlah penduduk tujuh provinsi itu 159 juta, atau 61% jumlah penduduk Indonesia.\r\n\r\nPilkada 2018 ini serasa Pilpres 2019. Suasana itu sudah diawali oleh Pilkada DKI Jakarta 2017, lalu akan menguat pada tahun ini, khususnya di tiga provinsi terbesar: Jabar, Jateng, dan Jatim. Sebab, menang pilkada di tiga provinsi tersebut berarti sudah separuh jalan memenangkan pilpres tahun berikutnya.\r\n\r\nHari pemungutan suara Pilkada 2018 jatuh pada 27 Juni 2018. Tahapan pelaksanaan Pilkada 2018 dimulai dari pendaftaran pemilih (November 2017), pendaftaran calon (Januari 2018), kampanye (Februari 2018), serta pemungutan dan penghitungan suara (Juni 2018).\r\n\r\nPada 2018 ini titik-titik krusial Pemilu 2019 akan terjadi. Berbeda dengan sebelumnya, di mana pemilu legislatif diselenggarakan lebih dahulu (April) lalu disusul pemilu presiden (Juli); pada Pemilu 2019 nanti, pemilu legislatif dan pemilu presiden diselenggarakan berbarengan alias serentak. Hari H pemilihan jatuh pada 17 April 2019.\r\n\r\nMeski masih 16 bulan lagi, tapi tahapan Pemilu 2019 sudah bergulir. Mulai dari pendaftaran partai politik peserta pemilu (September 2017), pendaftaran pemilih (Desember 2017), pendaftaran calon anggota legislatif (Maret 2018) dan pendaftaran calon presiden (Agustus 2018), kampanye (September 2018), lalu pemungutan dan penghitungan suara (April 2019).\r\n\r\nJika membandingkan jadwal Pilkada 2018 dengan jadwal Pemilu 2019, maka tampak tahapan pelaksanaan pilkada dan pemilu berjalan beriringan dan berkelindan. \r\n\r\nSejak awal Desember 2017 hingga 10 Januari 2018, pimpinan partai politik sibuk membangun koalisi pengusung pasangan calon kepala daerah. Dalam menentukan calon gubernur dan calon wakil gubernur, pimpinan partai politik jelas mempertimbangkan kepentingan politik untuk pencalonan presiden dan wakil presiden pada Pemilu 2019.\r\n\r\nDengan asumsi bahwa koalisi Pilkada 2018 akan bertahan atau setidaknya memengaruhi pembentukan koalisi pengusung calon presiden dan wakil presiden pada Pemilu 2019, maka pembentukan koalisi pengusung calon gubernur dan calon wakil gubernur di beberapa provinsi besar dalam Pilkada 2018 menjadi gampang-gampang susah. \r\n\r\nDi Jawa Timur, PKB dan PDIP dengan cepat berhasil membentuk koalisi untuk mengusung pasangan calon Saifullah Yusuf (PKB) dan Azwar Anas (PDIP). Pertimbangannya bukan semata-mata dua partai politik besar bergabung sehingga lebih mudah meraih kemenangan, tetapi juga untuk memuluskan jalan Muhaiman Iskandar (PKB) untuk menjadi calon wakil presiden pada Pemilu 2019, berpasangan dengan Jokowi (PDIP).\r\n\r\nPartai Demokrat dan Partai Golkar mengimbangi pasangan Saifullah-Anas dengan mengajukan pemain lama, Khofifah Indar Parawansa. Untuk mengambil hati pemilih PDIP, Partai Demokrat mengambil Bupati Trenggalek Emil Dardak (PDIP) sebagai calon wakil gubernur. Tetapi menyusul terpilihnya Airlangga Hartarto sebagai ketua umum Partai Golkar, nasib pasangan Khofifah-Dardak bisa berantakan.\r\n\r\nDemi koalisi Pilpres 2019, Airlangga jelas mempertimbangakan perasaan PDIP yang dikhianati kadernya. Partai Golkar bisa saja tetap berkoalisi dengan Partai Demokrat untuk mengusung Khofifah, tetapi dengan syarat calon wakil gubernurnya bukan Dardak. Kemungkinan lain, Partai Gerindra, PKS, PAN, dan PPP merapat ke Partai Demokrat untuk mengusung Khofifah-Dhardak, sedangkan Partai Golkar bergabung dengan PKB dan PDIP.\r\n\r\nDi Jawa Barat, situasinya menjadi rumit setelah Setya Novanto terguling dari kursi ketua umum Partai Golkar. Sebelumnya, Ridwan Kamil yang diusung oleh Partai Nasdem, PPP, dan PKB seakan menjadi calon kuat setelah Partai Golkar bergabung. Tiba-tiba Airlangga menarik dukungan tersebut sehingga kini situasinya dikendalikan oleh PDIP dan Partai Golkar.\r\n\r\nKemungkinan PDIP dan Partai Golkar akan mengajukan Dedi Mulyadi (Partai Golkar) sebagai calon gubernur, dan PDIP bersedia mencarikan calon wakil gubernur. Ridwan Kamil terancam tidak bisa maju jika PKB dan PPP mencabut dukungan. Ingat, PKB dan PPP juga berkepentingan menjaga kebersamaan mereka dengan PDIP dan Jokowi. Sementara, di bawah arahan Prabowo Subianto, Partai Gerindra, PKS, dan PAN sepakat mengajukan Sudrajat.\r\n\r\nSementara di Jawa Tengah, PDIP yang dapat mengajukan pasangan calon sendiri, seperti mengulur-ulur waktu penetapan pasangan calon. Sejauh ini DPP PDIP memberi sinyal akan mencalonkan kembali Ganjar Pranowo sebagai gubernur. Tetapi siapa pasangannya, belum jelas. PDIP bisa memilih kadernya sendiri untuk calon wakil gubernur, tetapi bukan tidak mungkin akan mengambil calon dari partai politik lain. \r\n\r\nItulah sebabnya PKB tidak segera menerima tawaran koalisi Partai Gerindara, PKS, dan PAN untuk menempatkan Gus Yusuf (Ketua PKB Jateng) menjadi calon wakil gubernur mendampingi Sudirman Said. PKB yang memiliki calon gubernur Marwan Jafar tidak mau tergesa-gesa, mengingat Partai Golkar juga berminat berkoalisi dengan PKB untuk mendapatkan tiket calon wakil gubernur. Partai Demokrat bisa saja bergabung di kubu ini.\r\n\r\nTik tak atau zig zag partai politik dalam membangun koalisi pilkada memang menarik diikuti. Para politisi pun menikmati parmainan ini. Rakyat memang sudah terbiasa jadi penonton berbagai manuver politik. Namun, di bawah sadarnya mereka merekam bahwa politik tak lebih dari sekadar permainan: memburu kemenangan, mengabaikan kebijakan. Maka jangan salahkan rakyat kalau mereka semakin tidak percaya dengan partai politik.', 'ccc8f30b-e0ad-48fd-81ca-0b4369ccc727_169.jpg', '2018-01-03', '2018-01-03', 1, 3),
(21, 'Menjamu Chelsea, Arsenal Incar Penebusan Besar', 'Arsenal mendapatkan hasil mengecewakan saat bertandang ke West Bromwich Albion. The Gunners kini mengincar penebusan yang besar saat menjamu Chelsea.\r\n\r\nArsenal gagal meraih tiga poin saat berkunjung ke The Hawthorn, Minggu (31/12/2017) lalu akibat penalti jelang akhir laga. Tak hanya membuat skor akhirnya menjadi imbang 1-1, penalti itu juga kontroversial.\r\n\r\nManajer Arsenal Arsene Wenger melihat ada peluang bagus untuk meluapkan kekecewaan dari laga tersebut, saat menjamu Chelsea di Emirates, Kamis (4/1/2018) dinihari WIB. Kemenangan di laga ini bisa dibilang berharga lebih dari tiga poin, mengingat ada gengsi derby yang juga dipertaruhkan.\r\n\r\nTiga poin juga akan menipiskan selisih kedua tim di klasemen. Saat ini Arsenal tertahan di posisi enam dengan nilai 38 dari 21 laga, tujuh poin di belakang Chelsea yang menempati posisi tiga sementara.\r\n\r\n\"Selisihnya tidak besar pada saat ini. Kami tahu bahwa performa kandang kami akan sangat penting dan kami baru pulang dari West Brom dengan frustrasi karena kami kehilangan dua poin. Kami tahu hasil itu menempatkan tekanan lebih besar untuk kami memetik hasil besar di laga besok,\" ungkap Wenger.\r\n\r\n\"Kami sudah sering menghadapi Chelsea dan hasil-hasilnya sudah selalu ketat, kecuali di kandang tahun lalu ketika kami menang 3-0. Kami sudah sering menghadapi mereka dan itu selalu jadi laga besar.\"\r\n\r\n\"Chelsea sedang kembali ke performa yang bagus. Mereka sudah tampil konsisten belakangan ini, jadi ini sebuah tantangan besar untuk kami,\" tambah pria Prancis itu seperti dilansir situs resmi klub. ', 'e759eb2c-2a8b-444b-8a62-b350dcf0d78c_169.jpg', '2018-01-03', '2018-01-03', 2, 11),
(22, 'Evan Dimas dan Ilham Udin Belum Gabung Selangor', 'Evan Dimas Darmono dan Ilham Udin Armaiyn belum bergabung dengan Selangor FA. Sang pelatih Pachaiappan Maniam memberikan toleransi. \r\n\r\nSelangor meminta agar Evan Dimas dan Ilham bergabung latihan pada Selasa (2/1/2018). Namun, mereka tak menunjukkan batang hidungnya. \r\n\r\nDengan tak menghadiri sesi latihan kemarin, artinya Evan Dimas dan Ilham sudah dua kali absen. Sebelumnya, Selangor FA pernah meminta agar bekas pemain Bhayangkara FC itu berlatih pada 22 Desember 2017.\r\n\r\nSelangor masih memberi waktu untuk Evan dan Ilham. Mereka memahami situasi yang tengah menimpa dua pemain yang menjadi langganan Timnas Indonesia dengan pernyataan kontroversial Ketua Umum PSSI Edy Rahmayadi. \r\n\r\n\"Evan dan Ilham akan bergabung dengan tim dalam beberapa hari ke depan. Kami menyilakan pihak manajemen untuk melakukan tugas tersebut,\" ujar Maniam seperti dikutip Stadium Astro.\r\n\r\nMeski tanpa Evan Dimas dan Ilham, Maniam mengklaim sesi latihan perdana pada 2018 bergulir baik-baik saja. Dia bilang para pemain tetap bersemangat. \r\n\r\n\"Kami sudah berlatih di Bukit Jalil, dan semua pemain bersemangat menjalani latihan di sini,\" Maniam menuturkan.', '6e476a86-22fa-4e56-b23a-26d3db7606d5_169.jpg', '2018-01-03', '2018-01-03', 2, 11),
(23, 'KPU Jabar Verifikasi 32,5 Juta Pemilih untuk Pilgub Jabar', 'KPU Jabar akan melakukan pencocokan dan penelitian (coklit) terhadap Daftar Penduduk Potensial Pemilih Pemilu (DP4) untuk Pilgub Jabar sebanyak 32,5 juta orang pada 20 Januari mendatang. \r\n\r\nKetua KPU Jabar Yayat Hidayat menuturkan pihaknya telah menerima DP4 dari KPU RI sebanyak 32,5 juta pemilih. Selanjutnya, DP4 itu akan diserahkan ke kabupaten/kota untuk membuat daftar pemilih sementara (DPS). \r\n\r\n\"Setelah itu diserahkan ke PPDP (Petugas Pemutahiran Data Pemilih) untuk dimutahirkan,\" kata Yayat, saat ditemui di Kantor KPU Jabar, Jalan Garut, Kota Bandung, Rabu (3/1/2018). \r\n\r\nSetelah proses itu selesai, pihaknya memperkirakan pada April mendatang Daftar Pemilih Tetap (DPT) untuk Pilgub Jabar sudah diketahui. \"Sekitar April DPT untuk Pilgub Jabar baru bisa ditetapkan oleh KPU Jabar,\" ucap Yayat. \r\n\r\nAkan tetapi Yayat belum bisa memprediksi angka DPT untuk Pilgub Jabar nanti. Karena dia mengaku belum tahu berapa jumlah pemilih potensial yang belum terdaftar dalam DP4.\r\n\r\n\"Barangkali ada yang belum terdaftar. Jadi kemungkinan bertambah atau berkurangnya (tergantung) hasil dari kerja PPDP dan coklit. Saya tidak berani untuk memprediksi apa akan berkurang atau bertambah (jumlah DPT-nya),\" ucap Yayat. \r\n\r\nDia menambahkan, proses pemutahiran berupa pencocokan dan penelitian baru akan dimulai pada 20 Januari mendatang. \"Untuk pemutahiran data pemilihnya akan dimulai 20 Januari ini,\" tandasnya. ', '0553cdad-01c2-4a4e-b478-5c9ce36883b0_43.jpg', '2018-01-03', '2018-01-03', 2, 3);

-- --------------------------------------------------------

--
-- Table structure for table `category`
--

CREATE TABLE `category` (
  `id` int(11) NOT NULL,
  `category_name` varchar(20) NOT NULL,
  `admin_id` int(11) NOT NULL
) ENGINE=InnoDB DEFAULT CHARSET=latin1;

--
-- Dumping data for table `category`
--

INSERT INTO `category` (`id`, `category_name`, `admin_id`) VALUES
(3, 'Politik', 2),
(4, 'Teknologi', 3),
(5, 'Hiburan', 1),
(11, 'Olahraga', 1);

--
-- Indexes for dumped tables
--

--
-- Indexes for table `admin`
--
ALTER TABLE `admin`
  ADD PRIMARY KEY (`id`);

--
-- Indexes for table `article`
--
ALTER TABLE `article`
  ADD PRIMARY KEY (`id`),
  ADD KEY `admin_id` (`admin_id`),
  ADD KEY `category_id` (`category_id`);

--
-- Indexes for table `category`
--
ALTER TABLE `category`
  ADD PRIMARY KEY (`id`),
  ADD KEY `admin_id` (`admin_id`);

--
-- AUTO_INCREMENT for dumped tables
--

--
-- AUTO_INCREMENT for table `admin`
--
ALTER TABLE `admin`
  MODIFY `id` int(11) NOT NULL AUTO_INCREMENT, AUTO_INCREMENT=4;
--
-- AUTO_INCREMENT for table `article`
--
ALTER TABLE `article`
  MODIFY `id` int(11) NOT NULL AUTO_INCREMENT, AUTO_INCREMENT=24;
--
-- AUTO_INCREMENT for table `category`
--
ALTER TABLE `category`
  MODIFY `id` int(11) NOT NULL AUTO_INCREMENT, AUTO_INCREMENT=12;
--
-- Constraints for dumped tables
--

--
-- Constraints for table `article`
--
ALTER TABLE `article`
  ADD CONSTRAINT `article_ibfk_1` FOREIGN KEY (`admin_id`) REFERENCES `admin` (`id`),
  ADD CONSTRAINT `article_ibfk_2` FOREIGN KEY (`category_id`) REFERENCES `category` (`id`);

--
-- Constraints for table `category`
--
ALTER TABLE `category`
  ADD CONSTRAINT `category_ibfk_1` FOREIGN KEY (`admin_id`) REFERENCES `admin` (`id`);
COMMIT;

/*!40101 SET CHARACTER_SET_CLIENT=@OLD_CHARACTER_SET_CLIENT */;
/*!40101 SET CHARACTER_SET_RESULTS=@OLD_CHARACTER_SET_RESULTS */;
/*!40101 SET COLLATION_CONNECTION=@OLD_COLLATION_CONNECTION */;
